{
  "model_name": "XGBoost",
  "model_type": "advanced",
  "selection_date": "2026-01-15 04:39:35",
  "performance_metrics": {
    "PR-AUC": 0.8786285910873155,
    "ROC-AUC": 0.9683850045364235,
    "Precision": 0.8817204301075269,
    "Recall": 0.8367346938775511,
    "F1-Score": 0.8586387434554974,
    "Accuracy": 0.9995259997893332,
    "FPR": 0.00019344400675295442,
    "FNR": 0.16326530612244897
  },
  "optimal_threshold": 0.9,
  "version": "1.0.0"
}